projID,studyear,communty,commname,strata,strataName,HHID,recordType,attempt,filterq,giveaway,harvApr,harvAug,harvDec,harvestq,harvFeb,harvJan,harvJul,harvJun,harvMar,harvMay,harvNov,harvOct,harvSep,harvUnkn,received,recordTypeCD,resource,resName,sex,subRecordCD,units,used,usuallyq,version
316,2024,11,Ambler,0,Community,66,Marine Mammals,0,1,0,0,0,0,0,0,0,0,0,0,0,0,0,0,0,0,12,300400000,Polar bear,-6,0,1,0,0,1
316,2024,11,Ambler,0,Community,66,Marine Mammals,0,1,0,0,0,0,0,0,0,0,0,0,0,0,0,0,0,0,12,300802000,Bearded seal,-8,0,1,0,0,1
316,2024,11,Ambler,0,Community,66,Marine Mammals,0,1,0,0,0,0,0,0,0,0,0,0,0,0,0,0,0,0,12,300802000,Bearded seal,1,0,1,0,0,1
316,2024,11,Ambler,0,Community,66,Marine Mammals,0,1,0,0,0,0,0,0,0,0,0,0,0,0,0,0,0,0,12,300802000,Bearded seal,2,0,1,0,0,1
316,2024,11,Ambler,0,Community,66,Marine Mammals,0,1,0,0,0,0,0,0,0,0,0,0,0,0,0,0,0,0,12,300808000,Ribbon seal,-6,0,1,0,0,1
316,2024,11,Ambler,0,Community,66,Marine Mammals,0,1,0,0,0,0,0,0,0,0,0,0,0,0,0,0,0,0,12,300810000,Ringed seal,-6,0,1,0,0,1
316,2024,11,Ambler,0,Community,66,Marine Mammals,0,1,0,0,0,0,0,0,0,0,0,0,0,0,0,0,0,0,12,300812000,Spotted seal,-6,0,1,0,0,1
316,2024,11,Ambler,0,Community,66,Marine Mammals,0,1,0,0,0,0,0,0,0,0,0,0,0,0,0,0,0,0,12,301400000,Walrus,-6,0,1,0,0,1
316,2024,11,Ambler,0,Community,66,Marine Mammals,0,1,0,0,0,0,0,0,0,0,0,0,0,0,0,0,0,0,12,301602000,Beluga whale,-6,0,1,0,0,1
316,2024,11,Ambler,0,Community,66,Marine Mammals,0,1,0,0,0,0,0,0,0,0,0,0,0,0,0,0,0,0,12,301606000,Bowhead whale,-6,0,1,0,0,1
316,2024,11,Ambler,0,Community,66,Marine Mammals,0,1,0,0,0,0,0,0,0,0,0,0,0,0,0,0,0,1,12,300899000,Unspecified seals,-6,0,1,1,0,1
